"Person","Wake Time","Morning Activity","Return Time","Current Status","Task","Task Subject","Paragraph"
"Daniel","at 5:30 AM","reads a book","by noon","in the cafe","buy snacks","for the project","Daniel wakes up at 5:30 AM every day. Daniel reads a book and returns by noon. Currently, Daniel is in the cafe. Daniel has to buy snacks for the project."
"Alice","at 6:30 AM","does yoga","in the evening","in the cafe","complete an assignment","for the family","Alice wakes up at 6:30 AM every day. Alice does yoga and returns in the evening. Currently, Alice is in the cafe. Alice has to complete an assignment for the family."
"Daniel","early","visits the gym","by 3 PM","at home","visit the doctor","for his team","Daniel wakes up early every day. Daniel visits the gym and returns by 3 PM. Currently, Daniel is at home. Daniel has to visit the doctor for his team."
"Alice","at 5:30 AM","attends online classes","in the evening","in the cafe","buy snacks","for her studies","Alice wakes up at 5:30 AM every day. Alice attends online classes and returns in the evening. Currently, Alice is in the cafe. Alice has to buy snacks for her studies."
"Daniel","at 6:30 AM","does yoga","by 5 PM","outside","plan the trip","for her studies","Daniel wakes up at 6:30 AM every day. Daniel does yoga and returns by 5 PM. Currently, Daniel is outside. Daniel has to plan the trip for her studies."
"Sophia","at 5:30 AM","goes to college","at night","outside","visit the doctor","for the project","Sophia wakes up at 5:30 AM every day. Sophia goes to college and returns at night. Currently, Sophia is outside. Sophia has to visit the doctor for the project."
"Emily","at 6:30 AM","reads a book","by 3 PM","in the park","visit the doctor","for the event","Emily wakes up at 6:30 AM every day. Emily reads a book and returns by 3 PM. Currently, Emily is in the park. Emily has to visit the doctor for the event."
"Daniel","at 7:00 AM","does yoga","by 3 PM","at the library","call a friend","for the project","Daniel wakes up at 7:00 AM every day. Daniel does yoga and returns by 3 PM. Currently, Daniel is at the library. Daniel has to call a friend for the project."
"Daniel","early","goes to college","by 5 PM","at home","plan the trip","for his team","Daniel wakes up early every day. Daniel goes to college and returns by 5 PM. Currently, Daniel is at home. Daniel has to plan the trip for his team."
"Sophia","at 7:00 AM","reads a book","by 3 PM","in the cafe","call a friend","for the event","Sophia wakes up at 7:00 AM every day. Sophia reads a book and returns by 3 PM. Currently, Sophia is in the cafe. Sophia has to call a friend for the event."
"Emily","early","goes to work","by 5 PM","outside","visit the doctor","for the event","Emily wakes up early every day. Emily goes to work and returns by 5 PM. Currently, Emily is outside. Emily has to visit the doctor for the event."
"Samantha","late in the morning","goes to college","by 5 PM","at home","buy snacks","for the family","Samantha wakes up late in the morning every day. Samantha goes to college and returns by 5 PM. Currently, Samantha is at home. Samantha has to buy snacks for the family."
"Daniel","at 5:30 AM","attends online classes","at night","in the cafe","call a friend","for her studies","Daniel wakes up at 5:30 AM every day. Daniel attends online classes and returns at night. Currently, Daniel is in the cafe. Daniel has to call a friend for her studies."
"Emily","early","does yoga","in the evening","at the library","plan the trip","for her studies","Emily wakes up early every day. Emily does yoga and returns in the evening. Currently, Emily is at the library. Emily has to plan the trip for her studies."
"John","late in the morning","reads a book","by noon","at the library","buy snacks","for his team","John wakes up late in the morning every day. John reads a book and returns by noon. Currently, John is at the library. John has to buy snacks for his team."
"Alice","at 5:30 AM","goes to college","at night","in the park","plan the trip","for his team","Alice wakes up at 5:30 AM every day. Alice goes to college and returns at night. Currently, Alice is in the park. Alice has to plan the trip for his team."
"Daniel","at 6:30 AM","reads a book","by noon","in the park","visit the doctor","for the family","Daniel wakes up at 6:30 AM every day. Daniel reads a book and returns by noon. Currently, Daniel is in the park. Daniel has to visit the doctor for the family."
"David","at 7:00 AM","attends online classes","by 3 PM","outside","buy snacks","for the project","David wakes up at 7:00 AM every day. David attends online classes and returns by 3 PM. Currently, David is outside. David has to buy snacks for the project."
"Rahul","at 7:00 AM","goes to work","at night","at home","visit the doctor","for the family","Rahul wakes up at 7:00 AM every day. Rahul goes to work and returns at night. Currently, Rahul is at home. Rahul has to visit the doctor for the family."
"Michael","at 5:30 AM","goes to college","in the evening","at the library","buy snacks","for the family","Michael wakes up at 5:30 AM every day. Michael goes to college and returns in the evening. Currently, Michael is at the library. Michael has to buy snacks for the family."
"David","early","goes for a jog","by noon","in the cafe","buy snacks","for the event","David wakes up early every day. David goes for a jog and returns by noon. Currently, David is in the cafe. David has to buy snacks for the event."
"Rahul","at 6:30 AM","does yoga","by noon","in the cafe","complete an assignment","for her studies","Rahul wakes up at 6:30 AM every day. Rahul does yoga and returns by noon. Currently, Rahul is in the cafe. Rahul has to complete an assignment for her studies."
"Michael","at 7:00 AM","goes for a jog","by 3 PM","outside","complete an assignment","for the family","Michael wakes up at 7:00 AM every day. Michael goes for a jog and returns by 3 PM. Currently, Michael is outside. Michael has to complete an assignment for the family."
"Sophia","late in the morning","goes to college","in the evening","in the park","buy snacks","for his team","Sophia wakes up late in the morning every day. Sophia goes to college and returns in the evening. Currently, Sophia is in the park. Sophia has to buy snacks for his team."
"Alice","at 5:30 AM","goes to college","at night","in the park","buy snacks","for the event","Alice wakes up at 5:30 AM every day. Alice goes to college and returns at night. Currently, Alice is in the park. Alice has to buy snacks for the event."
"Alice","early","attends online classes","by 3 PM","in the park","call a friend","for the family","Alice wakes up early every day. Alice attends online classes and returns by 3 PM. Currently, Alice is in the park. Alice has to call a friend for the family."
"Michael","at 6:30 AM","reads a book","at night","outside","call a friend","for the event","Michael wakes up at 6:30 AM every day. Michael reads a book and returns at night. Currently, Michael is outside. Michael has to call a friend for the event."
"Daniel","late in the morning","visits the gym","by noon","in the park","complete an assignment","for the project","Daniel wakes up late in the morning every day. Daniel visits the gym and returns by noon. Currently, Daniel is in the park. Daniel has to complete an assignment for the project."
"Rahul","early","goes to work","by 5 PM","in the cafe","call a friend","for her studies","Rahul wakes up early every day. Rahul goes to work and returns by 5 PM. Currently, Rahul is in the cafe. Rahul has to call a friend for her studies."
"Daniel","at 6:30 AM","goes to work","at night","at the library","buy snacks","for the family","Daniel wakes up at 6:30 AM every day. Daniel goes to work and returns at night. Currently, Daniel is at the library. Daniel has to buy snacks for the family."
"Alice","at 6:30 AM","attends online classes","by 3 PM","at home","buy snacks","for her studies","Alice wakes up at 6:30 AM every day. Alice attends online classes and returns by 3 PM. Currently, Alice is at home. Alice has to buy snacks for her studies."
"Samantha","late in the morning","attends online classes","by noon","in the park","plan the trip","for his team","Samantha wakes up late in the morning every day. Samantha attends online classes and returns by noon. Currently, Samantha is in the park. Samantha has to plan the trip for his team."
"David","late in the morning","goes to college","in the evening","in the cafe","buy snacks","for her studies","David wakes up late in the morning every day. David goes to college and returns in the evening. Currently, David is in the cafe. David has to buy snacks for her studies."
"Alice","late in the morning","goes to work","at night","in the park","complete an assignment","for his team","Alice wakes up late in the morning every day. Alice goes to work and returns at night. Currently, Alice is in the park. Alice has to complete an assignment for his team."
"Samantha","at 7:00 AM","goes for a jog","by 3 PM","in the cafe","buy snacks","for the project","Samantha wakes up at 7:00 AM every day. Samantha goes for a jog and returns by 3 PM. Currently, Samantha is in the cafe. Samantha has to buy snacks for the project."
"Rahul","at 7:00 AM","attends online classes","at night","at the library","buy snacks","for her studies","Rahul wakes up at 7:00 AM every day. Rahul attends online classes and returns at night. Currently, Rahul is at the library. Rahul has to buy snacks for her studies."
"Michael","early","does yoga","in the evening","at home","call a friend","for the family","Michael wakes up early every day. Michael does yoga and returns in the evening. Currently, Michael is at home. Michael has to call a friend for the family."
"Alice","at 5:30 AM","goes to college","by 5 PM","at home","buy snacks","for the family","Alice wakes up at 5:30 AM every day. Alice goes to college and returns by 5 PM. Currently, Alice is at home. Alice has to buy snacks for the family."
"Alice","late in the morning","visits the gym","at night","at the library","buy snacks","for the event","Alice wakes up late in the morning every day. Alice visits the gym and returns at night. Currently, Alice is at the library. Alice has to buy snacks for the event."
"Samantha","at 5:30 AM","goes to college","by 3 PM","outside","plan the trip","for his team","Samantha wakes up at 5:30 AM every day. Samantha goes to college and returns by 3 PM. Currently, Samantha is outside. Samantha has to plan the trip for his team."
"Samantha","at 5:30 AM","goes for a jog","by 3 PM","outside","buy snacks","for his team","Samantha wakes up at 5:30 AM every day. Samantha goes for a jog and returns by 3 PM. Currently, Samantha is outside. Samantha has to buy snacks for his team."
"Daniel","at 5:30 AM","reads a book","at night","outside","call a friend","for the event","Daniel wakes up at 5:30 AM every day. Daniel reads a book and returns at night. Currently, Daniel is outside. Daniel has to call a friend for the event."
"Rahul","at 6:30 AM","does yoga","at night","in the park","visit the doctor","for her studies","Rahul wakes up at 6:30 AM every day. Rahul does yoga and returns at night. Currently, Rahul is in the park. Rahul has to visit the doctor for her studies."
"Michael","at 5:30 AM","goes for a jog","by noon","in the park","complete an assignment","for the project","Michael wakes up at 5:30 AM every day. Michael goes for a jog and returns by noon. Currently, Michael is in the park. Michael has to complete an assignment for the project."
"Daniel","at 7:00 AM","goes to work","in the evening","in the park","call a friend","for the event","Daniel wakes up at 7:00 AM every day. Daniel goes to work and returns in the evening. Currently, Daniel is in the park. Daniel has to call a friend for the event."
"John","at 5:30 AM","goes to work","by noon","outside","plan the trip","for the family","John wakes up at 5:30 AM every day. John goes to work and returns by noon. Currently, John is outside. John has to plan the trip for the family."
"David","late in the morning","attends online classes","at night","outside","visit the doctor","for the event","David wakes up late in the morning every day. David attends online classes and returns at night. Currently, David is outside. David has to visit the doctor for the event."
"Daniel","early","visits the gym","at night","at home","complete an assignment","for her studies","Daniel wakes up early every day. Daniel visits the gym and returns at night. Currently, Daniel is at home. Daniel has to complete an assignment for her studies."
"Daniel","early","goes to college","by noon","outside","visit the doctor","for the project","Daniel wakes up early every day. Daniel goes to college and returns by noon. Currently, Daniel is outside. Daniel has to visit the doctor for the project."
"Samantha","late in the morning","goes for a jog","at night","at home","buy snacks","for the family","Samantha wakes up late in the morning every day. Samantha goes for a jog and returns at night. Currently, Samantha is at home. Samantha has to buy snacks for the family."
"Emily","at 7:00 AM","does yoga","by noon","at the library","complete an assignment","for his team","Emily wakes up at 7:00 AM every day. Emily does yoga and returns by noon. Currently, Emily is at the library. Emily has to complete an assignment for his team."
"Alice","late in the morning","attends online classes","at night","at home","buy snacks","for the family","Alice wakes up late in the morning every day. Alice attends online classes and returns at night. Currently, Alice is at home. Alice has to buy snacks for the family."
"Emily","early","goes to college","by 5 PM","at the library","complete an assignment","for the event","Emily wakes up early every day. Emily goes to college and returns by 5 PM. Currently, Emily is at the library. Emily has to complete an assignment for the event."
"Sophia","late in the morning","goes to work","at night","outside","call a friend","for her studies","Sophia wakes up late in the morning every day. Sophia goes to work and returns at night. Currently, Sophia is outside. Sophia has to call a friend for her studies."
"Priya","at 6:30 AM","goes for a jog","by noon","at home","complete an assignment","for the event","Priya wakes up at 6:30 AM every day. Priya goes for a jog and returns by noon. Currently, Priya is at home. Priya has to complete an assignment for the event."
"Emily","early","reads a book","by 5 PM","at home","complete an assignment","for the event","Emily wakes up early every day. Emily reads a book and returns by 5 PM. Currently, Emily is at home. Emily has to complete an assignment for the event."
"David","at 5:30 AM","visits the gym","by 3 PM","at the library","buy snacks","for the family","David wakes up at 5:30 AM every day. David visits the gym and returns by 3 PM. Currently, David is at the library. David has to buy snacks for the family."
"Alice","early","attends online classes","at night","outside","complete an assignment","for the event","Alice wakes up early every day. Alice attends online classes and returns at night. Currently, Alice is outside. Alice has to complete an assignment for the event."
"Sophia","at 5:30 AM","attends online classes","at night","outside","complete an assignment","for his team","Sophia wakes up at 5:30 AM every day. Sophia attends online classes and returns at night. Currently, Sophia is outside. Sophia has to complete an assignment for his team."
"Priya","early","visits the gym","at night","at home","call a friend","for his team","Priya wakes up early every day. Priya visits the gym and returns at night. Currently, Priya is at home. Priya has to call a friend for his team."
"Daniel","at 6:30 AM","goes to college","by 3 PM","at home","plan the trip","for the family","Daniel wakes up at 6:30 AM every day. Daniel goes to college and returns by 3 PM. Currently, Daniel is at home. Daniel has to plan the trip for the family."
"Sophia","at 7:00 AM","reads a book","by 3 PM","outside","call a friend","for the family","Sophia wakes up at 7:00 AM every day. Sophia reads a book and returns by 3 PM. Currently, Sophia is outside. Sophia has to call a friend for the family."
"Sophia","late in the morning","does yoga","by 3 PM","in the park","complete an assignment","for the family","Sophia wakes up late in the morning every day. Sophia does yoga and returns by 3 PM. Currently, Sophia is in the park. Sophia has to complete an assignment for the family."
"Sophia","late in the morning","reads a book","by 3 PM","at home","buy snacks","for the project","Sophia wakes up late in the morning every day. Sophia reads a book and returns by 3 PM. Currently, Sophia is at home. Sophia has to buy snacks for the project."
"Emily","at 5:30 AM","visits the gym","by 3 PM","in the park","complete an assignment","for his team","Emily wakes up at 5:30 AM every day. Emily visits the gym and returns by 3 PM. Currently, Emily is in the park. Emily has to complete an assignment for his team."
"Daniel","at 5:30 AM","reads a book","in the evening","outside","plan the trip","for the event","Daniel wakes up at 5:30 AM every day. Daniel reads a book and returns in the evening. Currently, Daniel is outside. Daniel has to plan the trip for the event."
"Alice","late in the morning","does yoga","by 5 PM","at the library","complete an assignment","for his team","Alice wakes up late in the morning every day. Alice does yoga and returns by 5 PM. Currently, Alice is at the library. Alice has to complete an assignment for his team."
"David","at 5:30 AM","goes for a jog","in the evening","at home","visit the doctor","for his team","David wakes up at 5:30 AM every day. David goes for a jog and returns in the evening. Currently, David is at home. David has to visit the doctor for his team."
"Priya","at 6:30 AM","goes for a jog","by 5 PM","in the park","complete an assignment","for the event","Priya wakes up at 6:30 AM every day. Priya goes for a jog and returns by 5 PM. Currently, Priya is in the park. Priya has to complete an assignment for the event."
"Emily","early","goes to college","by noon","in the cafe","buy snacks","for the project","Emily wakes up early every day. Emily goes to college and returns by noon. Currently, Emily is in the cafe. Emily has to buy snacks for the project."
"John","at 7:00 AM","goes for a jog","by noon","in the park","buy snacks","for the event","John wakes up at 7:00 AM every day. John goes for a jog and returns by noon. Currently, John is in the park. John has to buy snacks for the event."
"Priya","late in the morning","attends online classes","by 5 PM","at home","buy snacks","for the project","Priya wakes up late in the morning every day. Priya attends online classes and returns by 5 PM. Currently, Priya is at home. Priya has to buy snacks for the project."
"Priya","early","attends online classes","by 5 PM","outside","buy snacks","for the event","Priya wakes up early every day. Priya attends online classes and returns by 5 PM. Currently, Priya is outside. Priya has to buy snacks for the event."
"Priya","at 6:30 AM","goes to work","by noon","in the park","visit the doctor","for his team","Priya wakes up at 6:30 AM every day. Priya goes to work and returns by noon. Currently, Priya is in the park. Priya has to visit the doctor for his team."
"Emily","at 6:30 AM","visits the gym","by 5 PM","at the library","call a friend","for the family","Emily wakes up at 6:30 AM every day. Emily visits the gym and returns by 5 PM. Currently, Emily is at the library. Emily has to call a friend for the family."
"Alice","at 6:30 AM","goes to work","in the evening","at home","buy snacks","for the event","Alice wakes up at 6:30 AM every day. Alice goes to work and returns in the evening. Currently, Alice is at home. Alice has to buy snacks for the event."
"Samantha","at 6:30 AM","reads a book","by 3 PM","at the library","plan the trip","for his team","Samantha wakes up at 6:30 AM every day. Samantha reads a book and returns by 3 PM. Currently, Samantha is at the library. Samantha has to plan the trip for his team."
"David","early","does yoga","by 3 PM","at the library","buy snacks","for the project","David wakes up early every day. David does yoga and returns by 3 PM. Currently, David is at the library. David has to buy snacks for the project."
"Rahul","early","goes for a jog","by noon","outside","complete an assignment","for her studies","Rahul wakes up early every day. Rahul goes for a jog and returns by noon. Currently, Rahul is outside. Rahul has to complete an assignment for her studies."
"Samantha","at 6:30 AM","reads a book","by 3 PM","at home","complete an assignment","for the event","Samantha wakes up at 6:30 AM every day. Samantha reads a book and returns by 3 PM. Currently, Samantha is at home. Samantha has to complete an assignment for the event."
"Sophia","at 5:30 AM","goes to work","in the evening","outside","visit the doctor","for the family","Sophia wakes up at 5:30 AM every day. Sophia goes to work and returns in the evening. Currently, Sophia is outside. Sophia has to visit the doctor for the family."
"David","at 7:00 AM","does yoga","by 5 PM","in the park","visit the doctor","for the project","David wakes up at 7:00 AM every day. David does yoga and returns by 5 PM. Currently, David is in the park. David has to visit the doctor for the project."
"Rahul","at 6:30 AM","goes to college","by noon","outside","visit the doctor","for her studies","Rahul wakes up at 6:30 AM every day. Rahul goes to college and returns by noon. Currently, Rahul is outside. Rahul has to visit the doctor for her studies."
"John","at 7:00 AM","goes to college","by noon","in the park","buy snacks","for the family","John wakes up at 7:00 AM every day. John goes to college and returns by noon. Currently, John is in the park. John has to buy snacks for the family."
"David","at 6:30 AM","goes to college","by 5 PM","outside","plan the trip","for the event","David wakes up at 6:30 AM every day. David goes to college and returns by 5 PM. Currently, David is outside. David has to plan the trip for the event."
"Rahul","late in the morning","visits the gym","by noon","at the library","plan the trip","for the family","Rahul wakes up late in the morning every day. Rahul visits the gym and returns by noon. Currently, Rahul is at the library. Rahul has to plan the trip for the family."
"Michael","late in the morning","goes for a jog","by 5 PM","in the park","buy snacks","for his team","Michael wakes up late in the morning every day. Michael goes for a jog and returns by 5 PM. Currently, Michael is in the park. Michael has to buy snacks for his team."
"Sophia","early","reads a book","at night","in the park","visit the doctor","for his team","Sophia wakes up early every day. Sophia reads a book and returns at night. Currently, Sophia is in the park. Sophia has to visit the doctor for his team."
"Rahul","late in the morning","reads a book","by 3 PM","in the park","plan the trip","for the family","Rahul wakes up late in the morning every day. Rahul reads a book and returns by 3 PM. Currently, Rahul is in the park. Rahul has to plan the trip for the family."
"John","at 6:30 AM","reads a book","by noon","outside","call a friend","for the event","John wakes up at 6:30 AM every day. John reads a book and returns by noon. Currently, John is outside. John has to call a friend for the event."
"Priya","early","goes for a jog","by noon","in the park","complete an assignment","for his team","Priya wakes up early every day. Priya goes for a jog and returns by noon. Currently, Priya is in the park. Priya has to complete an assignment for his team."
"John","early","goes to college","by 3 PM","in the park","plan the trip","for the event","John wakes up early every day. John goes to college and returns by 3 PM. Currently, John is in the park. John has to plan the trip for the event."
"Priya","at 7:00 AM","goes to college","by 3 PM","in the cafe","visit the doctor","for the project","Priya wakes up at 7:00 AM every day. Priya goes to college and returns by 3 PM. Currently, Priya is in the cafe. Priya has to visit the doctor for the project."
"Alice","at 6:30 AM","reads a book","in the evening","in the cafe","complete an assignment","for her studies","Alice wakes up at 6:30 AM every day. Alice reads a book and returns in the evening. Currently, Alice is in the cafe. Alice has to complete an assignment for her studies."
"Alice","at 5:30 AM","goes to college","by noon","at the library","plan the trip","for the project","Alice wakes up at 5:30 AM every day. Alice goes to college and returns by noon. Currently, Alice is at the library. Alice has to plan the trip for the project."
"David","early","goes to work","in the evening","in the park","visit the doctor","for the event","David wakes up early every day. David goes to work and returns in the evening. Currently, David is in the park. David has to visit the doctor for the event."
"Emily","late in the morning","goes to work","by 5 PM","in the park","plan the trip","for his team","Emily wakes up late in the morning every day. Emily goes to work and returns by 5 PM. Currently, Emily is in the park. Emily has to plan the trip for his team."
"Rahul","early","attends online classes","at night","in the cafe","buy snacks","for the event","Rahul wakes up early every day. Rahul attends online classes and returns at night. Currently, Rahul is in the cafe. Rahul has to buy snacks for the event."
"Daniel","at 5:30 AM","attends online classes","by noon","at home","visit the doctor","for her studies","Daniel wakes up at 5:30 AM every day. Daniel attends online classes and returns by noon. Currently, Daniel is at home. Daniel has to visit the doctor for her studies."
"David","at 7:00 AM","reads a book","in the evening","at home","visit the doctor","for his team","David wakes up at 7:00 AM every day. David reads a book and returns in the evening. Currently, David is at home. David has to visit the doctor for his team."
"David","late in the morning","goes to college","by 3 PM","at home","plan the trip","for the project","David wakes up late in the morning every day. David goes to college and returns by 3 PM. Currently, David is at home. David has to plan the trip for the project."
"Alice","at 6:30 AM","does yoga","by noon","at the library","complete an assignment","for the family","Alice wakes up at 6:30 AM every day. Alice does yoga and returns by noon. Currently, Alice is at the library. Alice has to complete an assignment for the family."
"Daniel","early","reads a book","at night","in the park","buy snacks","for her studies","Daniel wakes up early every day. Daniel reads a book and returns at night. Currently, Daniel is in the park. Daniel has to buy snacks for her studies."
"Rahul","at 5:30 AM","goes to work","by noon","at the library","visit the doctor","for the family","Rahul wakes up at 5:30 AM every day. Rahul goes to work and returns by noon. Currently, Rahul is at the library. Rahul has to visit the doctor for the family."
"Michael","late in the morning","goes for a jog","in the evening","in the cafe","visit the doctor","for his team","Michael wakes up late in the morning every day. Michael goes for a jog and returns in the evening. Currently, Michael is in the cafe. Michael has to visit the doctor for his team."
"John","at 5:30 AM","does yoga","in the evening","at home","visit the doctor","for the family","John wakes up at 5:30 AM every day. John does yoga and returns in the evening. Currently, John is at home. John has to visit the doctor for the family."
"Emily","at 7:00 AM","goes for a jog","by 3 PM","outside","buy snacks","for his team","Emily wakes up at 7:00 AM every day. Emily goes for a jog and returns by 3 PM. Currently, Emily is outside. Emily has to buy snacks for his team."
"David","at 6:30 AM","goes to work","at night","at the library","visit the doctor","for the event","David wakes up at 6:30 AM every day. David goes to work and returns at night. Currently, David is at the library. David has to visit the doctor for the event."
"Daniel","at 5:30 AM","visits the gym","by 5 PM","at home","complete an assignment","for his team","Daniel wakes up at 5:30 AM every day. Daniel visits the gym and returns by 5 PM. Currently, Daniel is at home. Daniel has to complete an assignment for his team."
"Samantha","at 6:30 AM","visits the gym","at night","in the cafe","plan the trip","for his team","Samantha wakes up at 6:30 AM every day. Samantha visits the gym and returns at night. Currently, Samantha is in the cafe. Samantha has to plan the trip for his team."
"Priya","late in the morning","does yoga","by 5 PM","at home","buy snacks","for the event","Priya wakes up late in the morning every day. Priya does yoga and returns by 5 PM. Currently, Priya is at home. Priya has to buy snacks for the event."
"Emily","at 7:00 AM","goes for a jog","by 3 PM","in the cafe","complete an assignment","for the project","Emily wakes up at 7:00 AM every day. Emily goes for a jog and returns by 3 PM. Currently, Emily is in the cafe. Emily has to complete an assignment for the project."
"David","at 7:00 AM","visits the gym","in the evening","in the park","buy snacks","for the family","David wakes up at 7:00 AM every day. David visits the gym and returns in the evening. Currently, David is in the park. David has to buy snacks for the family."
"Daniel","late in the morning","reads a book","by 5 PM","at home","plan the trip","for his team","Daniel wakes up late in the morning every day. Daniel reads a book and returns by 5 PM. Currently, Daniel is at home. Daniel has to plan the trip for his team."
"Rahul","at 5:30 AM","goes to work","at night","at the library","visit the doctor","for the event","Rahul wakes up at 5:30 AM every day. Rahul goes to work and returns at night. Currently, Rahul is at the library. Rahul has to visit the doctor for the event."
"Samantha","at 6:30 AM","visits the gym","at night","at home","visit the doctor","for the event","Samantha wakes up at 6:30 AM every day. Samantha visits the gym and returns at night. Currently, Samantha is at home. Samantha has to visit the doctor for the event."
"John","early","visits the gym","by 5 PM","in the cafe","buy snacks","for the event","John wakes up early every day. John visits the gym and returns by 5 PM. Currently, John is in the cafe. John has to buy snacks for the event."
"Daniel","late in the morning","reads a book","by 3 PM","at home","complete an assignment","for her studies","Daniel wakes up late in the morning every day. Daniel reads a book and returns by 3 PM. Currently, Daniel is at home. Daniel has to complete an assignment for her studies."
"Michael","at 7:00 AM","attends online classes","in the evening","outside","visit the doctor","for the family","Michael wakes up at 7:00 AM every day. Michael attends online classes and returns in the evening. Currently, Michael is outside. Michael has to visit the doctor for the family."
"Michael","early","visits the gym","by noon","at home","buy snacks","for the family","Michael wakes up early every day. Michael visits the gym and returns by noon. Currently, Michael is at home. Michael has to buy snacks for the family."
"Alice","early","goes to work","by 3 PM","outside","visit the doctor","for his team","Alice wakes up early every day. Alice goes to work and returns by 3 PM. Currently, Alice is outside. Alice has to visit the doctor for his team."
"Alice","early","goes to college","at night","outside","call a friend","for the event","Alice wakes up early every day. Alice goes to college and returns at night. Currently, Alice is outside. Alice has to call a friend for the event."
"Michael","late in the morning","goes to college","at night","outside","plan the trip","for the event","Michael wakes up late in the morning every day. Michael goes to college and returns at night. Currently, Michael is outside. Michael has to plan the trip for the event."
"David","late in the morning","reads a book","in the evening","at home","call a friend","for her studies","David wakes up late in the morning every day. David reads a book and returns in the evening. Currently, David is at home. David has to call a friend for her studies."
"Priya","at 7:00 AM","does yoga","by 3 PM","at home","visit the doctor","for the event","Priya wakes up at 7:00 AM every day. Priya does yoga and returns by 3 PM. Currently, Priya is at home. Priya has to visit the doctor for the event."
"John","at 7:00 AM","goes to college","by 3 PM","outside","buy snacks","for his team","John wakes up at 7:00 AM every day. John goes to college and returns by 3 PM. Currently, John is outside. John has to buy snacks for his team."
"Michael","at 7:00 AM","goes for a jog","by noon","in the park","call a friend","for the family","Michael wakes up at 7:00 AM every day. Michael goes for a jog and returns by noon. Currently, Michael is in the park. Michael has to call a friend for the family."
"Michael","at 5:30 AM","goes to college","by 3 PM","at the library","visit the doctor","for his team","Michael wakes up at 5:30 AM every day. Michael goes to college and returns by 3 PM. Currently, Michael is at the library. Michael has to visit the doctor for his team."
"John","early","goes to work","by 5 PM","in the cafe","visit the doctor","for her studies","John wakes up early every day. John goes to work and returns by 5 PM. Currently, John is in the cafe. John has to visit the doctor for her studies."
"Samantha","late in the morning","goes to college","by 3 PM","in the cafe","plan the trip","for the project","Samantha wakes up late in the morning every day. Samantha goes to college and returns by 3 PM. Currently, Samantha is in the cafe. Samantha has to plan the trip for the project."
"Priya","at 7:00 AM","goes for a jog","by noon","outside","visit the doctor","for the family","Priya wakes up at 7:00 AM every day. Priya goes for a jog and returns by noon. Currently, Priya is outside. Priya has to visit the doctor for the family."
"Sophia","at 7:00 AM","goes for a jog","by noon","at the library","buy snacks","for her studies","Sophia wakes up at 7:00 AM every day. Sophia goes for a jog and returns by noon. Currently, Sophia is at the library. Sophia has to buy snacks for her studies."
"Sophia","early","goes to college","by 3 PM","at home","visit the doctor","for the project","Sophia wakes up early every day. Sophia goes to college and returns by 3 PM. Currently, Sophia is at home. Sophia has to visit the doctor for the project."
"Sophia","at 7:00 AM","goes for a jog","by 5 PM","in the cafe","visit the doctor","for the family","Sophia wakes up at 7:00 AM every day. Sophia goes for a jog and returns by 5 PM. Currently, Sophia is in the cafe. Sophia has to visit the doctor for the family."
"Sophia","at 7:00 AM","goes to work","by 5 PM","at the library","complete an assignment","for the event","Sophia wakes up at 7:00 AM every day. Sophia goes to work and returns by 5 PM. Currently, Sophia is at the library. Sophia has to complete an assignment for the event."
"Alice","at 7:00 AM","visits the gym","by 3 PM","in the park","complete an assignment","for the project","Alice wakes up at 7:00 AM every day. Alice visits the gym and returns by 3 PM. Currently, Alice is in the park. Alice has to complete an assignment for the project."
"Michael","late in the morning","goes to college","in the evening","in the park","buy snacks","for his team","Michael wakes up late in the morning every day. Michael goes to college and returns in the evening. Currently, Michael is in the park. Michael has to buy snacks for his team."
"Samantha","early","goes to college","by 5 PM","in the park","visit the doctor","for her studies","Samantha wakes up early every day. Samantha goes to college and returns by 5 PM. Currently, Samantha is in the park. Samantha has to visit the doctor for her studies."
"Michael","at 6:30 AM","goes to college","by 3 PM","in the cafe","buy snacks","for the family","Michael wakes up at 6:30 AM every day. Michael goes to college and returns by 3 PM. Currently, Michael is in the cafe. Michael has to buy snacks for the family."
"Daniel","at 7:00 AM","goes to college","by 5 PM","at the library","complete an assignment","for the family","Daniel wakes up at 7:00 AM every day. Daniel goes to college and returns by 5 PM. Currently, Daniel is at the library. Daniel has to complete an assignment for the family."
"Daniel","late in the morning","goes to college","by 5 PM","at home","call a friend","for her studies","Daniel wakes up late in the morning every day. Daniel goes to college and returns by 5 PM. Currently, Daniel is at home. Daniel has to call a friend for her studies."
"Daniel","at 6:30 AM","goes to work","by noon","at home","buy snacks","for the event","Daniel wakes up at 6:30 AM every day. Daniel goes to work and returns by noon. Currently, Daniel is at home. Daniel has to buy snacks for the event."
"Emily","at 7:00 AM","goes for a jog","by 5 PM","at the library","complete an assignment","for the event","Emily wakes up at 7:00 AM every day. Emily goes for a jog and returns by 5 PM. Currently, Emily is at the library. Emily has to complete an assignment for the event."
"Emily","at 6:30 AM","attends online classes","in the evening","at home","buy snacks","for his team","Emily wakes up at 6:30 AM every day. Emily attends online classes and returns in the evening. Currently, Emily is at home. Emily has to buy snacks for his team."
"Emily","at 5:30 AM","goes to work","at night","in the park","buy snacks","for the family","Emily wakes up at 5:30 AM every day. Emily goes to work and returns at night. Currently, Emily is in the park. Emily has to buy snacks for the family."
"Sophia","early","reads a book","at night","in the cafe","visit the doctor","for his team","Sophia wakes up early every day. Sophia reads a book and returns at night. Currently, Sophia is in the cafe. Sophia has to visit the doctor for his team."
"David","at 7:00 AM","goes to college","at night","in the park","plan the trip","for the family","David wakes up at 7:00 AM every day. David goes to college and returns at night. Currently, David is in the park. David has to plan the trip for the family."
"Daniel","at 5:30 AM","reads a book","by noon","outside","visit the doctor","for the project","Daniel wakes up at 5:30 AM every day. Daniel reads a book and returns by noon. Currently, Daniel is outside. Daniel has to visit the doctor for the project."
"Emily","at 6:30 AM","visits the gym","by 5 PM","in the park","visit the doctor","for the event","Emily wakes up at 6:30 AM every day. Emily visits the gym and returns by 5 PM. Currently, Emily is in the park. Emily has to visit the doctor for the event."
